WORD_ID,VOCAB_WORD
0,http
1,use
2,list
3,email
4,get
5,mail
6,one
7,free
8,time
9,work
10,messag
11,make
12,like
13,would
14,peopl
15,inform
16,new
17,receiv
18,pleas
19,address
20,busi
21,click
22,want
23,us
24,need
25,order
26,remov
27,also
28,go
29,year
30,send
31,money
32,file
33,compani
34,system
35,name
36,wrote
37,report
38,way
39,user
40,look
41,site
42,chang
43,day
44,know
45,state
46,program
47,may
48,see
49,call
50,could
51,group
52,even
53,think
54,includ
55,linux
56,first
57,offer
58,take
59,say
60,servic
61,right
62,world
63,tri
64,help
65,find
66,market
67,internet
68,product
69,mani
70,much
71,home
72,said
73,web
74,softwar
75,problem
76,date
77,line
78,spam
79,start
80,check
81,number
82,run
83,good
84,thing
85,link
86,well
87,subject
88,phone
89,interest
90,govern
91,person
92,provid
93,set
94,today
95,come
96,million
97,give
98,best
99,server
100,follow
101,back
102,form
103,rate
104,month
105,everi
106,secur
107,gener
108,price
109,url
110,still
111,comput
112,packag
113,instal
114,avail
115,sent
116,code
117,commun
118,life
119,version
120,read
121,sinc
122,ad
123,grant
124,maintain
125,sponsor
126,thank
127,network
128,two
129,credit
130,differ
131,without
132,made
133,develop
134,within
135,support
136,week
137,write
138,save
139,realli
140,case
141,page
142,subscript
143,someth
144,irish
145,current
146,un
147,last
148,anyon
149,onlin
150,complet
151,sure
152,card
153,requir
154,seem
155,build
156,custom
157,manag
158,never
159,de
160,ilug
161,better
162,keep
163,special
164,window
165,point
166,ca
167,place
168,search
169,anoth
170,per
171,found
172,access
173,actual
174,repli
175,result
176,contact
177,question
178,part
179,base
180,futur
181,listmast
182,issu
183,old
184,put
185,wish
186,next
187,long
188,let
189,countri
190,live
191,hour
192,must
193,end
194,invest
195,easi
196,process
197,mean
198,unsubscrib
199,lot
200,unit
201,great
202,got
203,guarante
204,show
205,account
206,technolog
207,nation
208,might
209,power
210,releas
211,legal
212,cost
213,data
214,allow
215,sourc
216,success
217,news
218,engin
219,possibl
220,trade
221,profession
222,idea
223,post
224,increas
225,pay
226,ask
227,advertis
228,public
229,error
230,open
231,websit
232,test
233,opportun
234,real
235,sell
236,ever
237,less
238,insur
239,respons
240,plan
241,design
242,tell
243,creat
244,visit
245,word
246,buy
247,howev
248,reason
249,prefer
250,heaven
251,effect
252,someon
253,aug
254,cd
255,sale
256,law
257,applic
258,improv
259,around
260,instead
261,fact
262,least
263,box
264,dollar
265,ye
266,rpm
267,american
268,fix
269,job
270,copi
271,probabl
272,simpl
273,origin
274,cours
275,believ
276,contain
277,fax
278,move
279,type
280,happen
281,though
282,friend
283,littl
284,total
285,financi
286,share
287,welcom
288,request
289,add
290,exampl
291,els
292,abl
293,client
294,perl
295,format
296,anyth
297,valu
298,alway
299,simpli
300,alreadi
301,high
302,fill
303,protect
304,full
305,cash
306,feel
307,mailto
308,directori
309,import
310,bit
311,purchas
312,stop
313,regard
314,signatur
315,licens
316,note
317,intern
318,experi
319,polici
320,answer
321,exist
322,updat
323,return
324,past
325,learn
326,famili
327,info
328,top
329,sep
330,geek
331,becom
332,ship
333,age
334,act
335,lead
336,instruct
337,drive
338,small
339,suppli
340,control
341,second
342,member
343,databas
344,thousand
345,select
346,low
347,recent
348,incom
349,citi
350,featur
351,etc
352,stuff
353,minut
354,limit
355,industri
356,turn
357,done
358,sever
359,yet
360,appli
361,folder
362,tool
363,continu
364,understand
365,detail
366,c
367,guid
368,everyth
369,noth
370,step
371,exmh
372,notic
373,oper
374,enough
375,claim
376,big
377,e
378,sign
379,care
380,caus
381,univers
382,letter
383,larg
384,key
385,three
386,hard
387,thinkgeek
388,other
389,connect
390,bill
391,record
392,thu
393,accept
394,discuss
395,term
396,specif
397,play
398,pgp
399,via
400,offic
401,text
402,option
403,talk
404,america
405,mayb
406,deal
407,immedi
408,direct
409,download
410,major
411,seen
412,forc
413,hope
414,subscrib
415,comment
416,kind
417,thought
418,individu
419,decid
420,rule
421,lose
422,log
423,plu
424,method
425,natur
426,matter
427,risk
428,either
429,true
430,rememb
431,yahoo
432,assist
433,content
434,rather
435,present
436,quot
437,mime
438,away
439,wait
440,r
441,bank
442,fund
443,kernel
444,hand
445,local
446,project
447,secret
448,hundr
449,loan
450,train
451,matthia
452,level
453,corpor
454,consid
455,research
456,razor
457,area
458,forward
459,book
460,august
461,addit
462,root
463,stori
464,machin
465,polit
466,benefit
467,target
468,bad
469,standard
470,entir
471,war
472,quit
473,suggest
474,copyright
475,appear
476,document
477,global
478,presid
479,bodi
480,author
481,bug
482,posit
483,often
484,expect
485,mind
486,center
487,distribut
488,human
489,juli
490,septemb
491,grow
492,jul
493,ago
494,qualiti
495,hit
496,trust
497,size
498,partner
499,easili
500,island
501,absolut
502,love
503,pm
504,whether
505,agent
506,activ
507,join
508,b
509,given
510,collect
511,involv
512,solut
513,happi
514,amount
515,fast
516,associ
517,charg
518,domain
519,man
520,promot
521,whole
522,dvd
523,sort
524,earn
525,far
526,fork
527,parti
528,later
529,feder
530,hi
531,submit
532,mortgag
533,upon
534,wed
535,potenti
536,meet
537,refer
538,wrong
539,nice
540,enter
541,load
542,tm
543,publish
544,almost
545,wonder
546,econom
547,john
548,singl
549,social
550,transact
551,red
552,discov
553,reach
554,everyon
555,close
556,view
557,fail
558,pass
559,execut
560,sound
561,privat
562,depend
563,perform
564,women
565,profit
566,attack
567,broadcast
568,newslett
569,automat
570,relat
571,paid
572,contract
573,effort
574,statement
575,media
576,mark
577,delet
578,foreign
579,begin
580,compil
581,final
582,sequenc
583,regist
584,miss
585,bush
586,spamassassin
587,figur
588,cell
589,x
590,stock
591,command
592,handl
593,header
594,locat
595,action
596,similar
597,pick
598,tuesday
599,display
600,game
601,transfer
602,templ
603,wo
604,disk
605,hat
606,digit
607,chri
608,produc
609,soon
610,event
611,known
612,track
613,articl
614,print
615,longer
616,tax
617,function
618,properti
619,mention
620,pretti
621,toner
622,default
623,commiss
624,dear
625,store
626,men
627,pc
628,debt
629,hous
630,oblig
631,upgrad
632,respect
633,sun
634,microsoft
635,script
636,organ
637,due
638,imag
639,bulk
640,enenkio
641,payment
642,administr
643,weight
644,along
645,daili
646,freedom
647,health
648,bonu
649,practic
650,net
651,propos
652,billion
653,worth
654,offici
655,cartridg
656,usa
657,capit
658,half
659,strategi
660,came
661,resourc
662,languag
663,anyway
664,late
665,leav
666,exactli
667,concern
668,platform
669,street
670,remain
671,clear
672,devic
673,html
674,assum
675,car
676,lost
677,ok
678,tire
679,la
680,review
681,ignor
682,head
683,interact
684,tue
685,n
686,went
687,respond
688,hear
689,tablet
690,taken
691,deliv
692,independ
693,clean
694,perhap
695,bring
696,configur
697,compar
698,averag
699,qualifi
700,press
701,watch
702,fine
703,space
704,invok
705,retail
706,school
707,expens
708,short
709,recommend
710,fee
711,field
712,membership
713,fall
714,memori
715,host
716,enabl
717,guess
718,huge
719,consult
720,extrem
721,usual
722,suit
723,xml
724,edit
725,choos
726,agre
727,warn
728,common
729,advantag
730,except
731,port
732,en
733,normal
734,region
735,materi
736,abil
737,side
738,educ
739,announc
740,basic
741,fri
742,drop
743,cheer
744,paper
745,told
746,five
747,item
748,although
749,dream
750,guy
751,le
752,growth
753,hold
754,main
755,spend
756,vulner
757,readi
758,replac
759,win
760,confidenti
761,model
762,electron
763,left
764,face
765,interfac
766,unseen
767,studi
768,altern
769,loss
770,reserv
771,mon
772,safe
773,kingdom
774,intend
775,accord
776,choic
777,approv
778,implement
779,oz
780,id
781,rest
782,multipl
783,histori
784,situat
785,commerci
786,extra
787,moment
788,quick
789,insid
790,togeth
791,section
792,investig
793,combin
794,chanc
795,employ
796,coupl
797,pictur
798,purpos
799,initi
800,goe
801,confirm
802,msg
803,advanc
804,across
805,avoid
806,unless
807,court
808,monday
809,util
810,break
811,j
812,particular
813,object
814,fals
815,burn
816,energi
817,score
818,express
819,societi
820,male
821,et
822,india
823,video
824,indic
825,took
826,owner
827,count
828,sens
829,p
830,agenc
831,directli
832,correct
833,speed
834,filter
835,four
836,anywher
837,profil
838,variou
839,procedur
840,die
841,period
842,cut
843,gpl
844,uniqu
845,seek
846,match
847,ventur
848,black
849,especi
850,kevin
851,consum
852,piec
853,sex
854,spammer
855,certain
856,behalf
857,investor
858,whatev
859,explain
860,adam
861,class
862,knowledg
863,color
864,setup
865,popul
866,remot
867,gain
868,latest
869,oh
870,tip
871,unison
872,dagga
873,militari
874,atol
875,block
876,ftp
877,marshal
878,south
879,unix
880,googl
881,gari
882,lawrenc
883,tv
884,patch
885,shop
886,team
887,switch
888,valuabl
889,establish
890,smoke
891,ragga
892,java
893,imagin
894,aaaaaaaaaaaaaaaaaaaaaaaaaaaaaaaaaaaaaaaaaaaaaaaaaaaaaaaaaaaaaaaaaaaaaaaaaaaa
895,prevent
896,integr
897,robert
898,boot
899,prepar
900,third
901,attempt
902,will
903,privaci
904,particip
905,folk
906,sometim
907,manual
908,sorri
909,hardwar
910,necessari
911,heard
912,tag
913,reduc
914,congress
915,screen
916,saou
917,bottl
918,york
919,sa
920,fastest
921,certainli
922,china
923,night
924,stand
925,suppos
926,backup
927,cover
928,valid
929,depart
930,enjoy
931,goal
932,seriou
933,alb
934,path
935,regul
936,obtain
937,mass
938,driver
939,capabl
940,botan
941,lower
942,amaz
943,competit
944,h
945,speak
946,fulli
947,promis
948,land
949,medic
950,poor
951,lowest
952,apolog
953,introduc
954,extend
955,traffic
956,deathtospamdeathtospamdeathtospam
957,scienc
958,defin
959,movi
960,describ
961,paul
962,troubl
963,titl
964,cv
965,film
966,neg
967,exchang
968,easier
969,os
970,f
971,wireless
972,osdn
973,decis
974,sender
975,rang
976,technic
977,death
978,approach
979,earli
980,six
981,murphi
982,predict
983,redhat
984,beberg
985,quickli
986,fat
987,white
988,fortun
989,commit
990,written
991,telephon
992,sold
993,king
994,im
995,worri
996,kill
997,michael
998,ham
999,apt
1000,judgment
1001,firm
1002,mobil
1003,uk
1004,music
1005,seventh
1006,father
1007,attach
1008,desir
1009,opinion
1010,north
1011,ensur
1012,premium
1013,economi
1014,player
1015,definit
1016,faster
1017,librari
1018,button
1019,achiev
1020,adult
1021,archiv
1022,appar
1023,argument
1024,bar
1025,enterpris
1026,separ
1027,travel
1028,techniqu
1029,threat
1030,demand
1031,cooper
1032,board
1033,deserv
1034,browser
1035,anim
1036,hello
1037,condit
1038,modul
1039,outsid
1040,david
1041,attent
1042,wide
1043,dave
1044,stay
1045,estat
1046,elimin
1047,enhanc
1048,terrorist
1049,wall
1050,repres
1051,pain
1052,children
1053,drug
1054,virtual
1055,cabl
1056,expert
1057,determin
1058,washington
1059,monthli
1060,sincer
1061,gnupg
1062,declar
1063,kid
1064,held
1065,environ
1066,modifi
1067,danger
1068,signific
1069,permiss
1070,fun
1071,l
1072,confid
1073,iii
1074,relev
1075,g
1076,w
1077,diet
1078,sum
1079,air
1080,programm
1081,rich
1082,canada
1083,cat
1084,none
1085,cc
1086,equip
1087,exclus
1088,popular
1089,proven
1090,forev
1091,bottom
1092,excel
1093,bitbitch
1094,justin
1095,paragraph
1096,central
1097,expand
1098,usd
1099,skip
1100,string
1101,centuri
1102,factor
1103,friday
1104,sexual
1105,challeng
1106,relationship
1107,identifi
1108,anybodi
1109,monitor
1110,near
1111,toward
1112,appreci
1113,asset
1114,excit
1115,director
1116,behind
1117,terror
1118,confer
1119,girl
1120,perfect
1121,exercis
1122,progress
1123,citizen
1124,unsolicit
1125,among
1126,rh
1127,defens
1128,discoveri
1129,rais
1130,whose
1131,fit
1132,road
1133,thread
1134,difficult
1135,west
1136,hettinga
1137,rel
1138,sampl
1139,spain
1140,intellig
1141,illeg
1142,lender
1143,partit
1144,entri
1145,photo
1146,colleg
1147,tie
1148,earth
1149,solv
1150,serv
1151,william
1152,strong
1153,seri
1154,reader
1155,confus
1156,octob
1157,chief
1158,acquir
1159,stupid
1160,european
1161,largest
1162,fair
1163,tree
1164,instant
1165,measur
1166,verifi
1167,smart
1168,refin
1169,french
1170,san
1171,extract
1172,mode
1173,regular
1174,built
1175,equival
1176,sweet
1177,peac
1178,laptop
1179,resid
1180,conveni
1181,mac
1182,reliabl
1183,slow
1184,lock
1185,procmail
1186,oct
1187,brian
1188,inlin
1189,tradit
1190,suse
1191,datapow
1192,categori
1193,dead
1194,tim
1195,front
1196,africa
1197,warranti
1198,graphic
1199,deliveri
1200,leader
1201,europ
1202,voic
1203,ident
1204,cach
1205,emerg
1206,pattern
1207,evid
1208,realiz
1209,capillari
1210,femal
1211,useless
1212,ten
1213,annuiti
1214,campaign
1215,fire
1216,compat
1217,occur
1218,desktop
1219,art
1220,gnu
1221,statu
1222,cultur
1223,abus
1224,gift
1225,young
1226,therefor
1227,institut
1228,higher
1229,previous
1230,satellit
1231,herba
1232,concept
1233,revenu
1234,physic
1235,walk
1236,deposit
1237,june
1238,convers
1239,brand
1240,launch
1241,thursday
1242,aid
1243,inde
1244,contribut
1245,ms
1246,degre
1247,concentr
1248,roll
1249,otherwis
1250,doubt
1251,nigeria
1252,wife
1253,former
1254,carri
1255,classifi
1256,honor
1257,pacif
1258,indian
1259,forget
1260,compet
1261,arriv
1262,background
1263,repositori
1264,yeah
1265,echo
1266,unlimit
1267,weapon
1268,conflict
1269,token
1270,listen
1271,affili
1272,recipi
1273,critic
1274,fight
1275,extens
1276,isp
1277,storag
1278,tech
1279,powel
1280,sat
1281,discount
1282,percent
1283,surpris
1284,app
1285,password
1286,unfortun
1287,basi
1288,water
1289,sit
1290,hot
1291,detect
1292,effici
1293,assur
1294,hermio
1295,jabber
1296,civil
1297,sleep
1298,succeed
1299,kept
1300,intro
1301,garrigu
1302,substanti
1303,panel
1304,output
1305,printer
1306,alsa
1307,inc
1308,tabl
1309,scan
1310,proprietari
1311,pull
1312,catch
1313,ip
1314,attract
1315,light
1316,worldwid
1317,menu
1318,jm
1319,mine
1320,descript
1321,enemi
1322,pudg
1323,revers
1324,saw
1325,nobodi
1326,index
1327,advic
1328,joe
1329,truth
1330,wednesday
1331,god
1332,v
1333,disabl
1334,agreement
1335,manufactur
1336,euro
1337,gone
1338,analysi
1339,patent
1340,seven
1341,vendor
1342,structur
1343,alon
1344,specifi
1345,k
1346,lack
1347,balanc
1348,room
1349,franc
1350,decad
1351,vote
1352,cool
1353,teach
1354,morn
1355,jame
1356,gold
1357,awar
1358,california
1359,obvious
1360,editor
1361,whitelist
1362,wast
1363,charact
1364,boston
1365,polic
1366,treat
1367,innov
1368,zip
1369,construct
1370,career
1371,temperatur
1372,theori
1373,financ
1374,insert
1375,highli
1376,journal
1377,clue
1378,tom
1379,trick
1380,ga
1381,u
1382,middl
1383,incred
1384,ultim
1385,greater
1386,flag
1387,gcc
1388,encourag
1389,spec
1390,touch
1391,int
1392,afford
1393,impress
1394,son
1395,constitut
1396,peni
1397,correspond
1398,brain
1399,anymor
1400,cent
1401,attorney
1402,ebay
1403,usag
1404,mechan
1405,dan
1406,boy
1407,blank
1408,greg
1409,summari
1410,annual
1411,previou
1412,jim
1413,hp
1414,master
1415,mother
1416,larger
1417,wake
1418,input
1419,blood
1420,trial
1421,hate
1422,cbyi
1423,stream
1424,mike
1425,el
1426,democrat
1427,suffer
1428,urgent
1429,cheap
1430,perman
1431,pound
1432,advis
1433,focu
1434,suspect
1435,star
1436,judg
1437,flow
1438,smtp
1439,skeptic
1440,varieti
1441,speech
1442,underwrit
1443,php
1444,particularli
1445,mostli
1446,wealth
1447,vacat
1448,behavior
1449,delay
1450,dynam
1451,percentag
1452,mistak
1453,obviou
1454,instanc
1455,comfort
1456,toni
1457,earlier
1458,super
1459,keyboard
1460,republ
1461,destruct
1462,dark
1463,binari
1464,eye
1465,warm
1466,laserjet
1467,rock
1468,telecom
1469,arm
1470,ireland
1471,reveal
1472,termin
1473,firewal
1474,woman
1475,rick
1476,ban
1477,channel
1478,mailer
1479,affect
1480,knew
1481,rss
1482,essenti
1483,heart
1484,tend
1485,motiv
1486,steve
1487,english
1488,se
1489,char
1490,consolid
1491,prospect
1492,alli
1493,floppi
1494,skill
1495,principl
1496,recogn
1497,btw
1498,consist
1499,vipul
1500,domest
1501,wing
1502,lawyer
1503,core
1504,highlight
1505,beta
1506,style
1507,estim
1508,prompt
1509,pack
1510,invit
1511,lifetim
1512,bonus
1513,somewher
1514,pipe
1515,eventu
1516,magazin
1517,gnome
1518,opt
1519,defend
1520,unlik
1521,dell
1522,nearli
1523,fl
1524,task
1525,planta
1526,vehicl
1527,ftoc
1528,comprehens
1529,beat
1530,staff
1531,role
1532,sensit
1533,babi
1534,hair
1535,despit
1536,pocket
1537,roman
1538,teledynam
1539,ground
1540,histor
1541,audio
1542,modem
1543,restor
1544,python
1545,clearli
1546,modern
1547,biggest
1548,map
1549,march
1550,dn
1551,food
1552,eat
1553,strength
1554,favor
1555,convert
1556,bind
1557,suck
1558,complianc
1559,impact
1560,eval
1561,fresh
1562,picasso
1563,strongli
1564,commentari
1565,revis
1566,senior
1567,mlm
1568,dragon
1569,shown
1570,met
1571,british
1572,peter
1573,config
1574,coverag
1575,exploit
1576,conserv
1577,minimum
1578,interview
1579,mile
1580,texa
1581,gave
1582,spot
1583,failur
1584,equal
1585,permit
1586,mailbox
1587,instantli
1588,dont
1589,everybodi
1590,employe
1591,stabl
1592,protocol
1593,liber
1594,truli
1595,beyond
1596,doctor
1597,font
1598,tape
1599,q
1600,optim
1601,synchron
1602,tx
1603,brought
1604,visa
1605,typic
1606,signal
1607,auto
1608,reli
1609,consider
1610,revok
1611,worst
1612,led
1613,crash
1614,dial
1615,calcul
1616,expir
1617,exact
1618,startup
1619,proper
1620,variabl
1621,geeg
1622,chines
1623,al
1624,showcas
1625,distanc
1626,translat
1627,draw
1628,annoy
1629,finish
1630,hidden
1631,yesterday
1632,extern
1633,stylu
1634,prove
1635,evil
1636,imposs
1637,neighbor
1638,crimin
1639,spent
1640,broker
1641,favorit
1642,plant
1643,boss
1644,ran
1645,netscap
1646,acknowledg
1647,foundat
1648,strang
1649,rare
1650,retriev
1651,bigger
1652,bearer
1653,z
1654,sir
1655,artist
1656,repair
1657,pop
1658,feet
1659,sole
1660,sport
1661,somebodi
1662,england
1663,rebuild
1664,safeti
1665,serious
1666,rob
1667,properli
1668,hotel
1669,guidelin
1670,portion
1671,scientist
1672,hack
1673,autom
1674,beauti
1675,edward
1676,hell
1677,planet
1678,equiti
1679,poverti
1680,evalu
1681,ii
1682,strip
1683,bell
1684,sunday
1685,prescript
1686,chicago
1687,spread
1688,climat
1689,antiqu
1690,lie
1691,restrict
1692,jump
1693,correctli
1694,minor
1695,explor
1696,summer
1697,push
1698,station
1699,iiu
1700,scheme
1701,hire
1702,gentl
1703,threaten
1704,diseas
1705,lo
1706,entertain
1707,mount
1708,radio
1709,primari
1710,fundament
1711,student
1712,shape
1713,headlin
1714,vou
1715,epson
1716,para
1717,currenc
1718,becam
1719,recruit
1720,seed
1721,spamd
1722,happier
1723,architectur
1724,laser
1725,recal
1726,hang
1727,proxi
1728,protest
1729,mainten
1730,damag
1731,resum
1732,merchant
1733,herb
1734,husband
1735,craig
1736,sendmail
1737,disclaim
1738,feroc
1739,plug
1740,van
1741,settlement
1742,buyer
1743,stick
1744,viagra
1745,vast
1746,exit
1747,muscl
1748,remedi
1749,doubl
1750,prioriti
1751,corpu
1752,georg
1753,ticket
1754,moor
1755,luck
1756,angl
1757,western
1758,feedback
1759,somehow
1760,faith
1761,dozen
1762,wors
1763,hall
1764,fantasi
1765,prior
1766,ssh
1767,camera
1768,reg
1769,disappear
1770,green
1771,laugh
1772,creativ
1773,broken
1774,batteri
1775,reject
1776,seminar
1777,kathmandu
1778,aspect
1779,norton
1780,child
1781,feed
1782,pour
1783,usb
1784,bother
1785,supplement
1786,oil
1787,anonym
1788,hormon
1789,symbol
1790,realiti
1791,tel
1792,substanc
1793,entrepreneur
1794,doc
1795,acceler
1796,arrang
1797,authent
1798,convent
1799,argu
1800,democraci
1801,encrypt
1802,eugen
1803,perfectli
1804,appeal
1805,allianc
1806,shot
1807,shall
1808,committe
1809,parent
1810,slightli
1811,phrase
1812,à
1813,neither
1814,statist
1815,park
1816,legitim
1817,funni
1818,electr
1819,random
1820,serial
1821,convinc
1822,mozilla
1823,sponsorship
1824,shock
1825,observ
1826,edificio
1827,appropri
1828,door
1829,edg
1830,highest
1831,meant
1832,frame
1833,solari
1834,merg
1835,strictli
1836,ie
1837,award
1838,queri
1839,auction
1840,barcelona
1841,resolv
1842,nort
1843,empir
1844,east
1845,refund
1846,hey
1847,repeat
1848,stabil
1849,daniel
1850,hunt
1851,capac
1852,lesson
1853,smaller
1854,postal
1855,pressur
1856,tomorrow
1857,carrier
1858,union
1859,damn
1860,volum
1861,survey
1862,aphrodisia
1863,surviv
1864,fear
1865,bear
1866,kelli
1867,te
1868,bought
1869,owen
1870,odd
1871,mr
1872,weekend
1873,arrest
1874,mason
1875,farquhar
1876,aggress
1877,herbal
1878,amend
1879,declin
1880,strike
1881,virus
1882,trip
1883,banner
1884,twice
1885,pablo
1886,fairli
1887,alter
1888,exclud
1889,race
1890,easiest
1891,ah
1892,winner
1893,gmt
1894,cancel
1895,harm
1896,nt
1897,zero
1898,inbox
1899,prosaka
1900,cold
1901,appl
1902,promiscu
1903,complain
1904,duplic
1905,licenc
1906,welch
1907,violat
1908,januari
1909,compon
1910,testimoni
1911,blog
1912,audienc
1913,round
1914,formula
1915,nativ
1916,ratio
1917,bandwidth
1918,honest
1919,spray
1920,md
1921,scam
1922,vari
1923,genet
1924,deni
1925,hmm
1926,mirror
1927,bunch
1928,algorithm
1929,viru
1930,mh
1931,farm
1932,presum
1933,reduct
1934,pill
1935,debian
1936,tab
1937,brief
1938,renew
1939,gibbon
1940,bankruptci
1941,precis
1942,vjestika
1943,approxim
1944,club
1945,possess
1946,partnership
1947,â
1948,austin
1949,split
1950,martin
1951,sea
1952,analyst
1953,compens
1954,gay
1955,iraq
1956,reboot
1957,label
1958,elsewher
1959,buffer
1960,grand
1961,reward
1962,dramat
1963,invent
1964,weekli
1965,msgid
1966,mous
1967,roger
1968,plugin
1969,gordon
1970,saturday
1971,processor
1972,massiv
1973,lift
1974,blue
1975,porn
1976,envelop
1977,deploy
1978,inspir
1979,anytim
1980,sm
1981,complex
1982,rohit
1983,prohibit
1984,ibm
1985,that
1986,apart
1987,ps
1988,engag
1989,collabor
1990,nvidia
1991,retir
1992,flash
1993,environment
1994,religion
1995,empti
1996,cancer
1997,infrastructur
1998,writer
1999,millionair
2000,aol
2001,fuck
2002,adopt
2003,dig
2004,inconveni
2005,agreeabl
2006,african
2007,northern
2008,satisfi
2009,shell
2010,harley
2011,conduct
2012,thoma
2013,justic
2014,length
2015,ministri
2016,cycl
2017,solicit
2018,assembl
2019,plenti
2020,schedul
2021,rose
2022,encount
2023,mere
2024,clock
2025,excess
2026,experienc
2027,rout
2028,self
2029,acquisit
2030,farmer
2031,img
2032,enforc
2033,onto
2034,bound
2035,own
2036,henc
2037,swap
2038,began
2039,candid
2040,distro
2041,duncan
2042,kate
2043,straight
2044,famou
2045,minim
2046,guido
2047,deep
2048,scale
2049,pointer
2050,prosper
2051,attend
2052,conclud
2053,throw
2054,domin
2055,elect
2056,liter
2057,evolv
2058,london
2059,homeown
2060,newspap
2061,televis
2062,transform
2063,grab
2064,registr
2065,demonstr
2066,wholesal
2067,russian
2068,context
2069,chat
2070,oppos
2071,lawsuit
2072,niall
2073,mix
2074,rank
2075,toll
2076,unabl
2077,murder
2078,glad
2079,hors
2080,christian
2081,buck
2082,wave
2083,boost
2084,preserv
2085,colleagu
2086,receipt
2087,assert
2088,valhalla
2089,da
2090,religi
2091,russia
2092,loop
2093,co
2094,remark
2095,corrupt
2096,routin
2097,attain
2098,crime
2099,blame
2100,proof
2101,skin
2102,entiti
2103,resel
2104,inkjet
2105,vircio
2106,tast
2107,accur
2108,asia
2109,numer
2110,marshalles
2111,brent
2112,passphras
2113,icq
2114,destroy
2115,forest
2116,moral
2117,replica
2118,glm
2119,paypal
2120,mathemat
2121,habea
2122,abacha
2123,tune
2124,scientif
2125,newsgroup
2126,webmast
2127,column
2128,song
2129,rise
2130,frequent
2131,joseph
2132,brother
2133,victim
2134,visitor
2135,formal
2136,embed
2137,yellow
2138,bu
2139,null
2140,sheet
2141,na
2142,hint
2143,ben
2144,bless
2145,yield
2146,po
2147,mountain
2148,throughout
2149,chart
2150,jar
2151,hash
2152,regardless
2153,heavi
2154,town
2155,classic
2156,branch
2157,amateur
2158,labor
2159,pro
2160,incompat
2161,drink
2162,logic
2163,remind
2164,trace
2165,bay
2166,mess
2167,chip
2168,limbo
2169,aim
2170,freebsd
2171,dog
2172,consequ
2173,pure
2174,violenc
2175,exceed
2176,spamtrap
2177,ladi
2178,assign
2179,est
2180,il
2181,imho
2182,joke
2183,negoti
2184,exhibit
2185,worker
2186,satisfact
2187,prize
2188,crap
2189,smoker
2190,decemb
2191,topic
2192,adapt
2193,syntax
2194,focus
2195,spirit
2196,coast
2197,export
2198,opposit
2199,privileg
2200,que
2201,pars
2202,gambl
2203,felt
2204,appoint
2205,stamp
2206,vice
2207,pursu
2208,tremend
2209,byte
2210,stage
2211,complic
2212,battl
2213,lib
2214,circumst
2215,cheaper
2216,incorpor
2217,specialist
2218,fan
2219,pa
2220,batch
2221,dublin
2222,sophist
2223,affair
2224,airlin
2225,unwant
2226,alan
2227,compel
2228,admit
2229,ui
2230,alert
2231,caught
2232,boundari
2233,jodi
2234,compress
2235,intel
2236,moder
2237,kit
2238,okay
2239,gather
2240,liberti
2241,truck
2242,bet
2243,goto
2244,riaa
2245,trivial
2246,struggl
2247,loos
2248,florida
2249,keyword
2250,lover
2251,older
2252,unknown
2253,entitl
2254,chairman
2255,sur
2256,strengthen
2257,pioneer
2258,surfac
2259,ved
2260,airport
2261,disclosur
2262,australia
2263,margin
2264,wear
2265,trend
2266,britain
2267,muslim
2268,ahead
2269,transmiss
2270,mastercard
2271,belief
2272,ownership
2273,hole
2274,ideal
2275,penni
2276,album
2277,sector
2278,owe
2279,ice
2280,pickl
2281,marri
2282,mplayer
2283,suffici
2284,msn
2285,timeout
2286,tin
2287,overal
2288,palestinian
2289,dice
2290,weak
2291,lay
2292,raw
2293,dump
2294,weather
2295,encod
2296,outlook
2297,stephen
2298,majesti
2299,stress
2300,maker
2301,adjust
2302,scott
2303,wa
2304,maximum
2305,jack
2306,reform
2307,refus
2308,assumpt
2309,relay
2310,schuman
2311,wealthi
2312,hawaii
2313,portabl
2314,curv
2315,finger
2316,egg
2317,magic
2318,chain
2319,influenc
2320,captur
2321,debug
2322,ne
2323,sentenc
2324,propag
2325,spring
2326,holiday
2327,astronom
2328,shout
2329,silli
2330,frustrat
2331,depress
2332,admin
2333,whatsoev
2334,bone
2335,weird
2336,ou
2337,lilo
2338,explan
2339,submiss
2340,patrick
2341,heck
2342,session
2343,endeavor
2344,dinosaur
2345,trademark
2346,vision
2347,retain
2348,mandat
2349,crack
2350,catalog
2351,spambay
2352,gpg
2353,virginia
2354,bomb
2355,francisco
2356,circl
2357,inexpens
2358,speaker
2359,rah
2360,minist
2361,besid
2362,mysql
2363,rapidli
2364,ethic
2365,intellectu
2366,unusu
2367,movement
2368,ram
2369,belong
2370,api
2371,outstand
2372,latter
2373,settl
2374,fli
2375,hacker
2376,buri
2377,ar
2378,hospit
2379,scratch
2380,tower
2381,casino
2382,corner
2383,randomli
2384,recognit
2385,ez
2386,fuel
2387,constant
2388,ton
2389,openssl
2390,intent
2391,snore
2392,theme
2393,jeremi
2394,scholarship
2395,abandon
2396,ce
2397,organis
2398,hide
2399,greatest
2400,xxx
2401,plane
2402,pentium
2403,joint
2404,igtt
2405,iroijlaplap
2406,tivo
2407,preced
2408,necessarili
2409,prob
2410,celebr
2411,proceed
2412,formul
2413,twenti
2414,expos
2415,germani
2416,du
2417,thirti
2418,ir
2419,lean
2420,maxim
2421,draft
2422,recov
2423,richard
2424,german
2425,dr
2426,tweak
2427,japan
2428,bsd
2429,marriag
2430,harvest
2431,element
2432,es
2433,greet
2434,arg
2435,openssh
2436,fp
2437,forum
2438,relax
2439,armi
2440,framework
2441,une
2442,wild
2443,season
2444,conclus
2445,jurisdict
2446,zone
2447,potent
2448,bob
2449,pleasur
2450,everywher
2451,commerc
2452,dedic
2453,shoot
2454,council
2455,subsequ
2456,bond
2457,notifi
2458,fashion
2459,rm
2460,invalid
2461,scope
2462,pci
2463,crazi
2464,leas
2465,render
2466,ximian
2467,elig
2468,distributor
2469,layer
2470,murjel
2471,telecommun
2472,magnitud
2473,trader
2474,capitalist
2475,freez
2476,decreas
2477,advisor
2478,quarter
2479,scenario
2480,maxaman
2481,boom
2482,ratak
2483,milter
2484,asian
2485,raid
2486,burner
2487,tobacco
2488,mutual
2489,flight
2490,anthoni
2491,con
2492,till
2493,contest
2494,hook
2495,angel
2496,apach
2497,socket
2498,disagre
2499,secondari
